Quantity,Profit,Year,Month
2,319.190773675259,2021,1
9,394.88744127041264,2021,1
10,72.8216455827143,2021,1
2,281.02611683187297,2021,1
15,424.88453777855034,2021,1
8,443.73058610006063,2021,1
13,370.34611093021584,2021,1
10,221.45702114347702,2021,1
19,270.2597974133792,2021,1
8,459.41548536153175,2021,1
9,387.848057283298,2021,1
17,14.007688891720427,2021,1
19,258.2884845072403,2021,1
13,344.046227071986,2021,1
13,141.02457785024347,2021,1
